tree_id,gt_counts,num_bunches,has_mismatch
20260422-DAMIMAS-001,"{'B1': 1, 'B2': 2, 'B3': 5, 'B4': 0}",8,False
20260422-DAMIMAS-001,"{'B1': 0, 'B2': 0, 'B3': 0, 'B4': 7}",7,False
20260422-DAMIMAS-001,"{'B1': 3, 'B2': 0, 'B3': 4, 'B4': 2}",9,False
20260422-DAMIMAS-002,"{'B1': 1, 'B2': 0, 'B3': 7, 'B4': 4}",12,False
20260422-DAMIMAS-002,"{'B1': 0, 'B2': 0, 'B3': 3, 'B4': 2}",5,False
20260422-DAMIMAS-002,"{'B1': 1, 'B2': 5, 'B3': 1, 'B4': 0}",7,False
20260422-DAMIMAS-003,"{'B1': 1, 'B2': 2, 'B3': 5, 'B4': 1}",9,False
20260422-DAMIMAS-003,"{'B1': 0, 'B2': 6, 'B3': 6, 'B4': 4}",16,False
20260422-DAMIMAS-003,"{'B1': 5, 'B2': 3, 'B3': 6, 'B4': 1}",15,False
20260422-DAMIMAS-004,"{'B1': 0, 'B2': 0, 'B3': 8, 'B4': 0}",8,False
20260422-DAMIMAS-004,"{'B1': 2, 'B2': 3, 'B3': 5, 'B4': 0}",10,False
20260422-DAMIMAS-004,"{'B1': 2, 'B2': 4, 'B3': 6, 'B4': 1}",13,False
20260422-DAMIMAS-005,"{'B1': 1, 'B2': 3, 'B3': 3, 'B4': 2}",9,False
20260422-DAMIMAS-005,"{'B1': 0, 'B2': 2, 'B3': 5, 'B4': 4}",11,False
20260422-DAMIMAS-005,"{'B1': 1, 'B2': 3, 'B3': 5, 'B4': 2}",11,False
20260422-DAMIMAS-006,"{'B1': 1, 'B2': 0, 'B3': 5, 'B4': 3}",9,False
20260422-DAMIMAS-006,"{'B1': 0, 'B2': 1, 'B3': 9, 'B4': 0}",10,False
20260422-DAMIMAS-006,"{'B1': 2, 'B2': 6, 'B3': 5, 'B4': 2}",15,False
20260422-DAMIMAS-007,"{'B1': 3, 'B2': 3, 'B3': 9, 'B4': 3}",18,False
20260422-DAMIMAS-007,"{'B1': 2, 'B2': 1, 'B3': 8, 'B4': 8}",19,False
20260422-DAMIMAS-007,"{'B1': 1, 'B2': 2, 'B3': 0, 'B4': 0}",3,False
20260422-DAMIMAS-008,"{'B1': 2, 'B2': 3, 'B3': 4, 'B4': 0}",9,False
20260422-DAMIMAS-008,"{'B1': 1, 'B2': 4, 'B3': 6, 'B4': 2}",13,False
20260422-DAMIMAS-008,"{'B1': 1, 'B2': 3, 'B3': 5, 'B4': 1}",10,False
20260422-DAMIMAS-009,"{'B1': 0, 'B2': 0, 'B3': 3, 'B4': 3}",6,False
20260422-DAMIMAS-009,"{'B1': 0, 'B2': 2, 'B3': 6, 'B4': 2}",10,False
20260422-DAMIMAS-009,"{'B1': 2, 'B2': 2, 'B3': 4, 'B4': 3}",11,False
20260422-DAMIMAS-010,"{'B1': 0, 'B2': 2, 'B3': 6, 'B4': 3}",11,False
20260422-DAMIMAS-010,"{'B1': 0, 'B2': 2, 'B3': 4, 'B4': 0}",6,False
20260422-DAMIMAS-010,"{'B1': 0, 'B2': 3, 'B3': 4, 'B4': 2}",9,False
20260422-DAMIMAS-011,"{'B1': 1, 'B2': 1, 'B3': 4, 'B4': 1}",7,False
20260422-DAMIMAS-011,"{'B1': 0, 'B2': 2, 'B3': 6, 'B4': 3}",11,False
20260422-DAMIMAS-011,"{'B1': 3, 'B2': 0, 'B3': 0, 'B4': 0}",3,False
20260422-DAMIMAS-012,"{'B1': 1, 'B2': 2, 'B3': 4, 'B4': 2}",9,False
20260422-DAMIMAS-012,"{'B1': 1, 'B2': 2, 'B3': 6, 'B4': 1}",10,False
20260422-DAMIMAS-012,"{'B1': 4, 'B2': 3, 'B3': 3, 'B4': 2}",12,False
20260422-DAMIMAS-013,"{'B1': 0, 'B2': 1, 'B3': 4, 'B4': 4}",9,False
20260422-DAMIMAS-013,"{'B1': 0, 'B2': 0, 'B3': 2, 'B4': 0}",2,False
20260422-DAMIMAS-013,"{'B1': 1, 'B2': 2, 'B3': 10, 'B4': 1}",14,False
20260422-DAMIMAS-014,"{'B1': 1, 'B2': 1, 'B3': 4, 'B4': 3}",9,False
20260422-DAMIMAS-014,"{'B1': 1, 'B2': 4, 'B3': 7, 'B4': 1}",13,False
20260422-DAMIMAS-014,"{'B1': 4, 'B2': 2, 'B3': 4, 'B4': 4}",14,False
20260422-DAMIMAS-015,"{'B1': 1, 'B2': 1, 'B3': 7, 'B4': 4}",13,False
20260422-DAMIMAS-015,"{'B1': 0, 'B2': 2, 'B3': 7, 'B4': 2}",11,False
20260422-DAMIMAS-015,"{'B1': 2, 'B2': 5, 'B3': 5, 'B4': 1}",13,False
20260422-DAMIMAS-016,"{'B1': 1, 'B2': 0, 'B3': 4, 'B4': 0}",5,False
20260422-DAMIMAS-016,"{'B1': 1, 'B2': 8, 'B3': 3, 'B4': 0}",12,False
20260422-DAMIMAS-016,"{'B1': 1, 'B2': 1, 'B3': 6, 'B4': 0}",8,False
20260422-DAMIMAS-017,"{'B1': 0, 'B2': 1, 'B3': 3, 'B4': 4}",8,False
20260422-DAMIMAS-017,"{'B1': 1, 'B2': 5, 'B3': 3, 'B4': 2}",11,False
20260422-DAMIMAS-017,"{'B1': 0, 'B2': 0, 'B3': 1, 'B4': 2}",3,False
20260422-DAMIMAS-018,"{'B1': 1, 'B2': 0, 'B3': 3, 'B4': 1}",5,False
20260422-DAMIMAS-018,"{'B1': 3, 'B2': 5, 'B3': 5, 'B4': 3}",16,False
20260422-DAMIMAS-018,"{'B1': 4, 'B2': 5, 'B3': 3, 'B4': 3}",15,False
20260422-DAMIMAS-019,"{'B1': 2, 'B2': 0, 'B3': 8, 'B4': 3}",13,False
20260422-DAMIMAS-019,"{'B1': 2, 'B2': 2, 'B3': 7, 'B4': 2}",13,False
20260422-DAMIMAS-019,"{'B1': 3, 'B2': 4, 'B3': 6, 'B4': 0}",13,False
20260422-DAMIMAS-020,"{'B1': 1, 'B2': 1, 'B3': 4, 'B4': 3}",9,False
20260422-DAMIMAS-020,"{'B1': 0, 'B2': 7, 'B3': 3, 'B4': 1}",11,False
20260422-DAMIMAS-020,"{'B1': 0, 'B2': 2, 'B3': 8, 'B4': 4}",14,False
20260422-DAMIMAS-021,"{'B1': 3, 'B2': 0, 'B3': 5, 'B4': 4}",12,False
20260422-DAMIMAS-021,"{'B1': 3, 'B2': 2, 'B3': 7, 'B4': 0}",12,False
20260422-DAMIMAS-021,"{'B1': 0, 'B2': 0, 'B3': 8, 'B4': 0}",8,False
20260422-DAMIMAS-022,"{'B1': 0, 'B2': 1, 'B3': 5, 'B4': 2}",8,False
20260422-DAMIMAS-022,"{'B1': 1, 'B2': 2, 'B3': 8, 'B4': 1}",12,False
20260422-DAMIMAS-022,"{'B1': 1, 'B2': 3, 'B3': 5, 'B4': 1}",10,False
20260422-DAMIMAS-023,"{'B1': 1, 'B2': 3, 'B3': 5, 'B4': 0}",9,False
20260422-DAMIMAS-023,"{'B1': 2, 'B2': 1, 'B3': 9, 'B4': 0}",12,False
20260422-DAMIMAS-023,"{'B1': 3, 'B2': 4, 'B3': 6, 'B4': 2}",15,False
20260422-DAMIMAS-024,"{'B1': 1, 'B2': 0, 'B3': 6, 'B4': 3}",10,False
20260422-DAMIMAS-024,"{'B1': 1, 'B2': 5, 'B3': 4, 'B4': 2}",12,False
20260422-DAMIMAS-024,"{'B1': 3, 'B2': 2, 'B3': 7, 'B4': 4}",16,False
20260422-DAMIMAS-025,"{'B1': 1, 'B2': 1, 'B3': 5, 'B4': 0}",7,False
20260422-DAMIMAS-025,"{'B1': 2, 'B2': 6, 'B3': 5, 'B4': 6}",19,False
20260422-DAMIMAS-025,"{'B1': 0, 'B2': 0, 'B3': 5, 'B4': 1}",6,False
20260422-DAMIMAS-026,"{'B1': 0, 'B2': 1, 'B3': 4, 'B4': 2}",7,False
20260422-DAMIMAS-026,"{'B1': 0, 'B2': 0, 'B3': 5, 'B4': 0}",5,False
20260422-DAMIMAS-026,"{'B1': 4, 'B2': 4, 'B3': 5, 'B4': 3}",16,False
20260422-DAMIMAS-027,"{'B1': 3, 'B2': 0, 'B3': 6, 'B4': 2}",11,False
20260422-DAMIMAS-027,"{'B1': 1, 'B2': 2, 'B3': 7, 'B4': 0}",10,False
20260422-DAMIMAS-027,"{'B1': 2, 'B2': 4, 'B3': 3, 'B4': 1}",10,False
20260422-DAMIMAS-028,"{'B1': 0, 'B2': 1, 'B3': 5, 'B4': 6}",12,False
20260422-DAMIMAS-028,"{'B1': 0, 'B2': 6, 'B3': 6, 'B4': 3}",15,False
20260422-DAMIMAS-028,"{'B1': 0, 'B2': 3, 'B3': 2, 'B4': 1}",6,False
20260422-DAMIMAS-029,"{'B1': 1, 'B2': 2, 'B3': 5, 'B4': 2}",10,False
20260422-DAMIMAS-029,"{'B1': 1, 'B2': 1, 'B3': 5, 'B4': 2}",9,False
20260422-DAMIMAS-029,"{'B1': 2, 'B2': 2, 'B3': 6, 'B4': 3}",13,False
20260422-DAMIMAS-030,"{'B1': 0, 'B2': 0, 'B3': 5, 'B4': 3}",8,False
20260422-DAMIMAS-030,"{'B1': 0, 'B2': 1, 'B3': 6, 'B4': 0}",7,False
20260422-DAMIMAS-030,"{'B1': 1, 'B2': 5, 'B3': 4, 'B4': 4}",14,False
20260422-DAMIMAS-031,"{'B1': 0, 'B2': 1, 'B3': 4, 'B4': 2}",7,False
20260422-DAMIMAS-031,"{'B1': 0, 'B2': 1, 'B3': 8, 'B4': 3}",12,False
20260422-DAMIMAS-031,"{'B1': 4, 'B2': 4, 'B3': 4, 'B4': 1}",13,False
20260422-DAMIMAS-032,"{'B1': 2, 'B2': 1, 'B3': 5, 'B4': 3}",11,False
20260422-DAMIMAS-032,"{'B1': 3, 'B2': 4, 'B3': 8, 'B4': 2}",17,False
20260422-DAMIMAS-032,"{'B1': 0, 'B2': 2, 'B3': 8, 'B4': 3}",13,False
20260422-DAMIMAS-033,"{'B1': 0, 'B2': 0, 'B3': 8, 'B4': 2}",10,False
20260422-DAMIMAS-033,"{'B1': 1, 'B2': 1, 'B3': 3, 'B4': 0}",5,False
20260422-DAMIMAS-033,"{'B1': 1, 'B2': 2, 'B3': 5, 'B4': 3}",11,False
20260422-DAMIMAS-034,"{'B1': 0, 'B2': 1, 'B3': 3, 'B4': 6}",10,False
20260422-DAMIMAS-034,"{'B1': 1, 'B2': 3, 'B3': 5, 'B4': 0}",9,False
20260422-DAMIMAS-034,"{'B1': 0, 'B2': 6, 'B3': 4, 'B4': 2}",12,False
20260422-DAMIMAS-035,"{'B1': 0, 'B2': 7, 'B3': 2, 'B4': 0}",9,False
20260422-DAMIMAS-035,"{'B1': 2, 'B2': 4, 'B3': 6, 'B4': 0}",12,False
20260422-DAMIMAS-035,"{'B1': 0, 'B2': 6, 'B3': 5, 'B4': 0}",11,False
20260422-DAMIMAS-036,"{'B1': 0, 'B2': 1, 'B3': 7, 'B4': 0}",8,False
20260422-DAMIMAS-036,"{'B1': 0, 'B2': 5, 'B3': 9, 'B4': 1}",15,False
20260422-DAMIMAS-036,"{'B1': 0, 'B2': 1, 'B3': 8, 'B4': 0}",9,False
20260422-DAMIMAS-037,"{'B1': 0, 'B2': 3, 'B3': 5, 'B4': 3}",11,False
20260422-DAMIMAS-037,"{'B1': 2, 'B2': 3, 'B3': 4, 'B4': 4}",13,False
20260422-DAMIMAS-037,"{'B1': 0, 'B2': 1, 'B3': 4, 'B4': 1}",6,False
20260422-DAMIMAS-038,"{'B1': 2, 'B2': 0, 'B3': 5, 'B4': 5}",12,False
20260422-DAMIMAS-038,"{'B1': 0, 'B2': 0, 'B3': 10, 'B4': 5}",15,False
20260422-DAMIMAS-038,"{'B1': 2, 'B2': 5, 'B3': 5, 'B4': 4}",16,False
20260422-DAMIMAS-039,"{'B1': 2, 'B2': 5, 'B3': 2, 'B4': 0}",9,False
20260422-DAMIMAS-039,"{'B1': 4, 'B2': 0, 'B3': 6, 'B4': 0}",10,False
20260422-DAMIMAS-039,"{'B1': 3, 'B2': 5, 'B3': 3, 'B4': 1}",12,False
20260422-DAMIMAS-040,"{'B1': 2, 'B2': 2, 'B3': 4, 'B4': 3}",11,False
20260422-DAMIMAS-040,"{'B1': 2, 'B2': 1, 'B3': 7, 'B4': 1}",11,False
20260422-DAMIMAS-040,"{'B1': 2, 'B2': 2, 'B3': 5, 'B4': 4}",13,False
20260422-DAMIMAS-041,"{'B1': 2, 'B2': 3, 'B3': 6, 'B4': 3}",14,False
20260422-DAMIMAS-041,"{'B1': 3, 'B2': 3, 'B3': 5, 'B4': 1}",12,False
20260422-DAMIMAS-042,"{'B1': 2, 'B2': 1, 'B3': 4, 'B4': 1}",8,False
20260422-DAMIMAS-042,"{'B1': 3, 'B2': 4, 'B3': 2, 'B4': 1}",10,False
20260422-DAMIMAS-043,"{'B1': 2, 'B2': 3, 'B3': 6, 'B4': 0}",11,False
20260422-DAMIMAS-043,"{'B1': 6, 'B2': 4, 'B3': 6, 'B4': 0}",16,False
20260422-DAMIMAS-044,"{'B1': 2, 'B2': 1, 'B3': 4, 'B4': 1}",8,False
20260422-DAMIMAS-044,"{'B1': 2, 'B2': 1, 'B3': 9, 'B4': 2}",14,False
20260422-DAMIMAS-045,"{'B1': 1, 'B2': 0, 'B3': 10, 'B4': 4}",15,False
20260422-DAMIMAS-045,"{'B1': 3, 'B2': 3, 'B3': 8, 'B4': 2}",16,False
20260422-DAMIMAS-046,"{'B1': 2, 'B2': 6, 'B3': 3, 'B4': 2}",13,False
20260422-DAMIMAS-047,"{'B1': 2, 'B2': 5, 'B3': 5, 'B4': 0}",12,False
20260422-DAMIMAS-048,"{'B1': 3, 'B2': 1, 'B3': 8, 'B4': 2}",14,False
20260422-DAMIMAS-049,"{'B1': 0, 'B2': 3, 'B3': 9, 'B4': 3}",15,False
20260422-DAMIMAS-050,"{'B1': 1, 'B2': 4, 'B3': 4, 'B4': 5}",14,False
20260422-DAMIMAS-051,"{'B1': 2, 'B2': 4, 'B3': 4, 'B4': 0}",10,False
20260422-DAMIMAS-052,"{'B1': 0, 'B2': 2, 'B3': 7, 'B4': 3}",12,False
20260422-DAMIMAS-053,"{'B1': 2, 'B2': 0, 'B3': 6, 'B4': 1}",9,False
20260422-DAMIMAS-054,"{'B1': 1, 'B2': 5, 'B3': 3, 'B4': 3}",12,False
20260422-DAMIMAS-055,"{'B1': 0, 'B2': 3, 'B3': 3, 'B4': 0}",6,False
20260422-DAMIMAS-056,"{'B1': 3, 'B2': 4, 'B3': 10, 'B4': 4}",21,False
20260422-DAMIMAS-057,"{'B1': 0, 'B2': 0, 'B3': 2, 'B4': 0}",2,False
20260422-DAMIMAS-058,"{'B1': 4, 'B2': 5, 'B3': 4, 'B4': 3}",16,False
20260422-DAMIMAS-059,"{'B1': 3, 'B2': 7, 'B3': 5, 'B4': 3}",18,False
20260422-DAMIMAS-060,"{'B1': 0, 'B2': 1, 'B3': 7, 'B4': 3}",11,False
20260422-DAMIMAS-061,"{'B1': 2, 'B2': 0, 'B3': 2, 'B4': 1}",5,False
20260422-DAMIMAS-062,"{'B1': 4, 'B2': 3, 'B3': 4, 'B4': 1}",12,False
20260422-DAMIMAS-063,"{'B1': 2, 'B2': 1, 'B3': 10, 'B4': 1}",14,False
20260422-DAMIMAS-064,"{'B1': 1, 'B2': 3, 'B3': 7, 'B4': 3}",14,False
20260422-DAMIMAS-065,"{'B1': 3, 'B2': 3, 'B3': 5, 'B4': 4}",15,False
20260422-DAMIMAS-066,"{'B1': 1, 'B2': 1, 'B3': 3, 'B4': 3}",8,False
20260422-DAMIMAS-068,"{'B1': 0, 'B2': 2, 'B3': 7, 'B4': 3}",12,False
20260422-DAMIMAS-069,"{'B1': 0, 'B2': 0, 'B3': 5, 'B4': 2}",7,False
20260422-DAMIMAS-070,"{'B1': 0, 'B2': 4, 'B3': 5, 'B4': 2}",11,False
20260422-DAMIMAS-071,"{'B1': 0, 'B2': 4, 'B3': 7, 'B4': 0}",11,False
20260422-DAMIMAS-072,"{'B1': 0, 'B2': 0, 'B3': 8, 'B4': 3}",11,False
20260422-DAMIMAS-073,"{'B1': 0, 'B2': 1, 'B3': 9, 'B4': 3}",13,False
20260422-DAMIMAS-074,"{'B1': 2, 'B2': 2, 'B3': 6, 'B4': 3}",13,False
20260422-DAMIMAS-075,"{'B1': 2, 'B2': 2, 'B3': 5, 'B4': 4}",13,False
20260422-DAMIMAS-076,"{'B1': 2, 'B2': 3, 'B3': 4, 'B4': 2}",11,False
20260422-DAMIMAS-077,"{'B1': 2, 'B2': 1, 'B3': 6, 'B4': 3}",12,False
20260422-DAMIMAS-078,"{'B1': 3, 'B2': 6, 'B3': 3, 'B4': 4}",16,False
20260422-DAMIMAS-079,"{'B1': 2, 'B2': 1, 'B3': 7, 'B4': 2}",12,False
20260422-DAMIMAS-080,"{'B1': 2, 'B2': 0, 'B3': 9, 'B4': 5}",16,False
20260422-DAMIMAS-081,"{'B1': 1, 'B2': 2, 'B3': 7, 'B4': 5}",15,False
20260422-DAMIMAS-082,"{'B1': 1, 'B2': 2, 'B3': 3, 'B4': 1}",7,False
20260422-DAMIMAS-083,"{'B1': 1, 'B2': 1, 'B3': 8, 'B4': 2}",12,False
20260422-DAMIMAS-084,"{'B1': 0, 'B2': 2, 'B3': 5, 'B4': 3}",10,False
20260422-DAMIMAS-204,"{'B1': 0, 'B2': 0, 'B3': 1, 'B4': 4}",5,False
20260422-DAMIMAS-205,"{'B1': 0, 'B2': 4, 'B3': 5, 'B4': 3}",12,False
20260422-DAMIMAS-206,"{'B1': 0, 'B2': 0, 'B3': 3, 'B4': 1}",4,False
20260422-DAMIMAS-207,"{'B1': 1, 'B2': 2, 'B3': 8, 'B4': 3}",14,False
20260422-DAMIMAS-208,"{'B1': 0, 'B2': 3, 'B3': 4, 'B4': 1}",8,False
20260422-DAMIMAS-209,"{'B1': 0, 'B2': 2, 'B3': 4, 'B4': 0}",6,False
20260422-DAMIMAS-210,"{'B1': 1, 'B2': 1, 'B3': 1, 'B4': 0}",3,False
20260422-DAMIMAS-211,"{'B1': 0, 'B2': 3, 'B3': 4, 'B4': 0}",7,False
20260422-DAMIMAS-212,"{'B1': 0, 'B2': 1, 'B3': 7, 'B4': 3}",11,False
20260422-DAMIMAS-213,"{'B1': 2, 'B2': 5, 'B3': 4, 'B4': 5}",16,False
20260422-DAMIMAS-214,"{'B1': 2, 'B2': 0, 'B3': 6, 'B4': 0}",8,False
20260422-DAMIMAS-215,"{'B1': 0, 'B2': 1, 'B3': 4, 'B4': 0}",5,False
20260422-DAMIMAS-216,"{'B1': 0, 'B2': 3, 'B3': 7, 'B4': 2}",12,False
20260422-DAMIMAS-218,"{'B1': 0, 'B2': 2, 'B3': 9, 'B4': 0}",11,False
20260422-DAMIMAS-219,"{'B1': 1, 'B2': 1, 'B3': 3, 'B4': 0}",5,False
20260422-DAMIMAS-220,"{'B1': 0, 'B2': 0, 'B3': 5, 'B4': 1}",6,False
20260422-DAMIMAS-221,"{'B1': 1, 'B2': 4, 'B3': 2, 'B4': 0}",7,False
20260422-DAMIMAS-222,"{'B1': 1, 'B2': 2, 'B3': 4, 'B4': 0}",7,False
20260422-DAMIMAS-223,"{'B1': 0, 'B2': 0, 'B3': 5, 'B4': 3}",8,False
20260422-DAMIMAS-224,"{'B1': 0, 'B2': 2, 'B3': 5, 'B4': 3}",10,False
20260422-DAMIMAS-225,"{'B1': 1, 'B2': 4, 'B3': 2, 'B4': 3}",10,False
20260422-DAMIMAS-226,"{'B1': 1, 'B2': 2, 'B3': 2, 'B4': 4}",9,False
20260422-DAMIMAS-227,"{'B1': 1, 'B2': 1, 'B3': 8, 'B4': 4}",14,False
20260422-DAMIMAS-228,"{'B1': 1, 'B2': 2, 'B3': 5, 'B4': 1}",9,False
20260422-DAMIMAS-229,"{'B1': 2, 'B2': 4, 'B3': 3, 'B4': 3}",12,False
20260422-DAMIMAS-230,"{'B1': 1, 'B2': 0, 'B3': 5, 'B4': 1}",7,False
20260422-DAMIMAS-231,"{'B1': 0, 'B2': 1, 'B3': 1, 'B4': 10}",12,False
20260422-DAMIMAS-232,"{'B1': 2, 'B2': 1, 'B3': 3, 'B4': 4}",10,False
20260422-DAMIMAS-233,"{'B1': 2, 'B2': 2, 'B3': 6, 'B4': 2}",12,False
20260422-DAMIMAS-303,"{'B1': 2, 'B2': 5, 'B3': 4, 'B4': 5}",16,False
20260422-DAMIMAS-304,"{'B1': 1, 'B2': 5, 'B3': 6, 'B4': 0}",12,False
20260422-DAMIMAS-305,"{'B1': 1, 'B2': 3, 'B3': 4, 'B4': 3}",11,False
20260422-DAMIMAS-306,"{'B1': 1, 'B2': 0, 'B3': 4, 'B4': 0}",5,False
20260422-DAMIMAS-307,"{'B1': 2, 'B2': 4, 'B3': 4, 'B4': 5}",15,False
20260422-DAMIMAS-308,"{'B1': 3, 'B2': 3, 'B3': 7, 'B4': 4}",17,False
20260422-DAMIMAS-309,"{'B1': 3, 'B2': 4, 'B3': 2, 'B4': 0}",9,False
20260422-DAMIMAS-310,"{'B1': 1, 'B2': 1, 'B3': 5, 'B4': 3}",10,False
20260422-DAMIMAS-311,"{'B1': 2, 'B2': 3, 'B3': 4, 'B4': 5}",14,False
20260422-DAMIMAS-312,"{'B1': 0, 'B2': 3, 'B3': 3, 'B4': 1}",7,False
20260422-DAMIMAS-313,"{'B1': 2, 'B2': 4, 'B3': 4, 'B4': 3}",13,False
20260422-DAMIMAS-314,"{'B1': 1, 'B2': 1, 'B3': 3, 'B4': 4}",9,False
20260422-DAMIMAS-315,"{'B1': 0, 'B2': 3, 'B3': 4, 'B4': 3}",10,False
20260422-DAMIMAS-316,"{'B1': 0, 'B2': 0, 'B3': 0, 'B4': 7}",7,False
20260422-DAMIMAS-317,"{'B1': 0, 'B2': 2, 'B3': 3, 'B4': 0}",5,False
20260422-DAMIMAS-318,"{'B1': 1, 'B2': 2, 'B3': 6, 'B4': 3}",12,False
20260422-DAMIMAS-319,"{'B1': 2, 'B2': 4, 'B3': 6, 'B4': 4}",16,False
20260422-DAMIMAS-320,"{'B1': 2, 'B2': 3, 'B3': 4, 'B4': 0}",9,False
20260422-DAMIMAS-321,"{'B1': 3, 'B2': 2, 'B3': 4, 'B4': 3}",12,False
20260422-DAMIMAS-322,"{'B1': 0, 'B2': 0, 'B3': 6, 'B4': 4}",10,False
20260422-DAMIMAS-323,"{'B1': 1, 'B2': 4, 'B3': 5, 'B4': 3}",13,False
20260422-DAMIMAS-324,"{'B1': 3, 'B2': 4, 'B3': 5, 'B4': 2}",14,False
20260422-DAMIMAS-325,"{'B1': 2, 'B2': 3, 'B3': 4, 'B4': 3}",12,False
20260422-DAMIMAS-326,"{'B1': 2, 'B2': 2, 'B3': 4, 'B4': 6}",14,False
20260422-DAMIMAS-327,"{'B1': 0, 'B2': 3, 'B3': 5, 'B4': 3}",11,False
20260422-DAMIMAS-328,"{'B1': 3, 'B2': 6, 'B3': 6, 'B4': 1}",16,False
20260422-DAMIMAS-329,"{'B1': 2, 'B2': 3, 'B3': 2, 'B4': 2}",9,False
20260422-DAMIMAS-330,"{'B1': 0, 'B2': 2, 'B3': 3, 'B4': 9}",14,False
20260422-DAMIMAS-331,"{'B1': 0, 'B2': 0, 'B3': 3, 'B4': 2}",5,False
20260422-DAMIMAS-332,"{'B1': 3, 'B2': 3, 'B3': 6, 'B4': 3}",15,False
20260422-DAMIMAS-333,"{'B1': 3, 'B2': 5, 'B3': 4, 'B4': 4}",16,False
20260428-DAMIMAS-041,"{'B1': 1, 'B2': 2, 'B3': 3, 'B4': 1}",7,False
20260428-DAMIMAS-042,"{'B1': 4, 'B2': 2, 'B3': 7, 'B4': 5}",18,False
20260428-DAMIMAS-043,"{'B1': 1, 'B2': 3, 'B3': 5, 'B4': 1}",10,False
20260428-DAMIMAS-044,"{'B1': 2, 'B2': 3, 'B3': 0, 'B4': 0}",5,False
20260428-DAMIMAS-045,"{'B1': 1, 'B2': 2, 'B3': 6, 'B4': 4}",13,False
20260428-DAMIMAS-046,"{'B1': 0, 'B2': 0, 'B3': 3, 'B4': 3}",6,False
20260428-DAMIMAS-046,"{'B1': 1, 'B2': 2, 'B3': 7, 'B4': 0}",10,False
20260428-DAMIMAS-047,"{'B1': 0, 'B2': 1, 'B3': 4, 'B4': 1}",6,False
20260428-DAMIMAS-047,"{'B1': 0, 'B2': 1, 'B3': 7, 'B4': 0}",8,False
20260428-DAMIMAS-048,"{'B1': 0, 'B2': 1, 'B3': 6, 'B4': 3}",10,False
20260428-DAMIMAS-048,"{'B1': 3, 'B2': 5, 'B3': 5, 'B4': 3}",16,False
20260428-DAMIMAS-049,"{'B1': 0, 'B2': 0, 'B3': 5, 'B4': 3}",8,False
20260428-DAMIMAS-049,"{'B1': 0, 'B2': 3, 'B3': 7, 'B4': 4}",14,False
20260428-DAMIMAS-050,"{'B1': 2, 'B2': 0, 'B3': 3, 'B4': 2}",7,False
20260428-DAMIMAS-050,"{'B1': 0, 'B2': 2, 'B3': 7, 'B4': 4}",13,False
20260428-DAMIMAS-051,"{'B1': 0, 'B2': 1, 'B3': 9, 'B4': 4}",14,False
20260428-DAMIMAS-051,"{'B1': 0, 'B2': 2, 'B3': 10, 'B4': 3}",15,False
20260428-DAMIMAS-052,"{'B1': 2, 'B2': 3, 'B3': 9, 'B4': 1}",15,False
20260428-DAMIMAS-052,"{'B1': 0, 'B2': 3, 'B3': 7, 'B4': 2}",12,False
20260428-DAMIMAS-053,"{'B1': 0, 'B2': 2, 'B3': 5, 'B4': 2}",9,False
20260428-DAMIMAS-053,"{'B1': 1, 'B2': 3, 'B3': 1, 'B4': 0}",5,False
20260428-DAMIMAS-054,"{'B1': 0, 'B2': 2, 'B3': 5, 'B4': 4}",11,False
20260428-DAMIMAS-054,"{'B1': 0, 'B2': 0, 'B3': 7, 'B4': 2}",9,False
20260428-DAMIMAS-055,"{'B1': 1, 'B2': 3, 'B3': 7, 'B4': 2}",13,False
20260428-DAMIMAS-055,"{'B1': 1, 'B2': 0, 'B3': 6, 'B4': 3}",10,False
20260428-DAMIMAS-056,"{'B1': 1, 'B2': 1, 'B3': 4, 'B4': 2}",8,False
20260428-DAMIMAS-056,"{'B1': 1, 'B2': 2, 'B3': 6, 'B4': 0}",9,False
20260428-DAMIMAS-057,"{'B1': 2, 'B2': 1, 'B3': 6, 'B4': 4}",13,False
20260428-DAMIMAS-057,"{'B1': 1, 'B2': 0, 'B3': 5, 'B4': 2}",8,False
20260428-DAMIMAS-058,"{'B1': 1, 'B2': 1, 'B3': 3, 'B4': 2}",7,False
20260428-DAMIMAS-058,"{'B1': 1, 'B2': 1, 'B3': 9, 'B4': 2}",13,False
20260428-DAMIMAS-059,"{'B1': 1, 'B2': 1, 'B3': 2, 'B4': 0}",4,False
20260428-DAMIMAS-059,"{'B1': 1, 'B2': 1, 'B3': 7, 'B4': 0}",9,False
20260428-DAMIMAS-060,"{'B1': 0, 'B2': 1, 'B3': 5, 'B4': 1}",7,False
20260428-DAMIMAS-060,"{'B1': 0, 'B2': 0, 'B3': 10, 'B4': 0}",10,False
20260428-DAMIMAS-061,"{'B1': 1, 'B2': 0, 'B3': 8, 'B4': 1}",10,False
20260428-DAMIMAS-061,"{'B1': 0, 'B2': 1, 'B3': 4, 'B4': 4}",9,False
20260428-DAMIMAS-062,"{'B1': 0, 'B2': 2, 'B3': 3, 'B4': 2}",7,False
20260428-DAMIMAS-062,"{'B1': 2, 'B2': 4, 'B3': 6, 'B4': 2}",14,False
20260428-DAMIMAS-063,"{'B1': 2, 'B2': 1, 'B3': 5, 'B4': 0}",8,False
20260428-DAMIMAS-063,"{'B1': 1, 'B2': 0, 'B3': 4, 'B4': 0}",5,False
20260428-DAMIMAS-064,"{'B1': 0, 'B2': 1, 'B3': 5, 'B4': 0}",6,False
20260428-DAMIMAS-064,"{'B1': 1, 'B2': 1, 'B3': 5, 'B4': 0}",7,False
20260428-DAMIMAS-065,"{'B1': 2, 'B2': 1, 'B3': 6, 'B4': 3}",12,False
20260428-DAMIMAS-065,"{'B1': 1, 'B2': 1, 'B3': 3, 'B4': 3}",8,False
20260428-DAMIMAS-066,"{'B1': 2, 'B2': 2, 'B3': 5, 'B4': 5}",14,False
20260428-DAMIMAS-066,"{'B1': 1, 'B2': 2, 'B3': 4, 'B4': 2}",9,False
20260428-DAMIMAS-067,"{'B1': 3, 'B2': 1, 'B3': 7, 'B4': 1}",12,False
20260428-DAMIMAS-067,"{'B1': 1, 'B2': 0, 'B3': 9, 'B4': 0}",10,False
20260428-DAMIMAS-068,"{'B1': 1, 'B2': 4, 'B3': 3, 'B4': 2}",10,False
20260428-DAMIMAS-068,"{'B1': 0, 'B2': 1, 'B3': 2, 'B4': 0}",3,False
20260428-DAMIMAS-069,"{'B1': 1, 'B2': 1, 'B3': 7, 'B4': 1}",10,False
20260428-DAMIMAS-069,"{'B1': 0, 'B2': 1, 'B3': 6, 'B4': 2}",9,False
20260428-DAMIMAS-070,"{'B1': 0, 'B2': 0, 'B3': 5, 'B4': 3}",8,False
20260428-DAMIMAS-070,"{'B1': 2, 'B2': 1, 'B3': 7, 'B4': 2}",12,False
20260428-DAMIMAS-071,"{'B1': 1, 'B2': 1, 'B3': 6, 'B4': 0}",8,False
20260428-DAMIMAS-071,"{'B1': 0, 'B2': 1, 'B3': 8, 'B4': 2}",11,False
20260428-DAMIMAS-072,"{'B1': 1, 'B2': 3, 'B3': 6, 'B4': 1}",11,False
20260428-DAMIMAS-072,"{'B1': 1, 'B2': 8, 'B3': 7, 'B4': 0}",16,False
20260428-DAMIMAS-073,"{'B1': 0, 'B2': 1, 'B3': 0, 'B4': 10}",11,False
20260428-DAMIMAS-073,"{'B1': 1, 'B2': 2, 'B3': 6, 'B4': 4}",13,False
20260428-DAMIMAS-074,"{'B1': 0, 'B2': 0, 'B3': 2, 'B4': 2}",4,False
20260428-DAMIMAS-074,"{'B1': 0, 'B2': 1, 'B3': 6, 'B4': 0}",7,False
20260428-DAMIMAS-075,"{'B1': 1, 'B2': 2, 'B3': 11, 'B4': 3}",17,False
20260428-DAMIMAS-075,"{'B1': 0, 'B2': 0, 'B3': 8, 'B4': 4}",12,False
20260428-DAMIMAS-076,"{'B1': 2, 'B2': 2, 'B3': 3, 'B4': 4}",11,False
20260428-DAMIMAS-076,"{'B1': 0, 'B2': 2, 'B3': 4, 'B4': 0}",6,False
20260428-DAMIMAS-077,"{'B1': 2, 'B2': 0, 'B3': 7, 'B4': 0}",9,False
20260428-DAMIMAS-077,"{'B1': 3, 'B2': 3, 'B3': 6, 'B4': 4}",16,False
20260428-DAMIMAS-078,"{'B1': 1, 'B2': 2, 'B3': 6, 'B4': 2}",11,False
20260428-DAMIMAS-078,"{'B1': 2, 'B2': 4, 'B3': 6, 'B4': 1}",13,False
20260428-DAMIMAS-079,"{'B1': 0, 'B2': 4, 'B3': 9, 'B4': 0}",13,False
20260428-DAMIMAS-079,"{'B1': 0, 'B2': 0, 'B3': 0, 'B4': 0}",0,False
20260428-DAMIMAS-080,"{'B1': 1, 'B2': 2, 'B3': 3, 'B4': 5}",11,False
20260428-DAMIMAS-080,"{'B1': 0, 'B2': 0, 'B3': 3, 'B4': 0}",3,False
20260428-DAMIMAS-081,"{'B1': 2, 'B2': 2, 'B3': 5, 'B4': 4}",13,False
20260428-DAMIMAS-081,"{'B1': 0, 'B2': 0, 'B3': 6, 'B4': 0}",6,False
20260428-DAMIMAS-082,"{'B1': 0, 'B2': 3, 'B3': 3, 'B4': 1}",7,False
20260428-DAMIMAS-082,"{'B1': 0, 'B2': 2, 'B3': 4, 'B4': 1}",7,False
20260428-DAMIMAS-083,"{'B1': 0, 'B2': 3, 'B3': 8, 'B4': 0}",11,False
20260428-DAMIMAS-083,"{'B1': 0, 'B2': 0, 'B3': 5, 'B4': 2}",7,False
20260428-DAMIMAS-084,"{'B1': 0, 'B2': 0, 'B3': 5, 'B4': 0}",5,False
20260428-DAMIMAS-084,"{'B1': 1, 'B2': 1, 'B3': 5, 'B4': 0}",7,False
20260428-DAMIMAS-085,"{'B1': 0, 'B2': 2, 'B3': 9, 'B4': 3}",14,False
20260428-DAMIMAS-085,"{'B1': 0, 'B2': 1, 'B3': 4, 'B4': 2}",7,False
20260428-DAMIMAS-085,"{'B1': 1, 'B2': 2, 'B3': 8, 'B4': 3}",14,False
20260428-DAMIMAS-086,"{'B1': 1, 'B2': 1, 'B3': 6, 'B4': 1}",9,False
20260428-DAMIMAS-086,"{'B1': 1, 'B2': 0, 'B3': 2, 'B4': 0}",3,False
20260428-DAMIMAS-086,"{'B1': 0, 'B2': 0, 'B3': 1, 'B4': 2}",3,False
20260428-DAMIMAS-087,"{'B1': 1, 'B2': 3, 'B3': 8, 'B4': 1}",13,False
20260428-DAMIMAS-087,"{'B1': 2, 'B2': 1, 'B3': 8, 'B4': 0}",11,False
20260428-DAMIMAS-087,"{'B1': 0, 'B2': 2, 'B3': 9, 'B4': 3}",14,False
20260428-DAMIMAS-088,"{'B1': 0, 'B2': 4, 'B3': 5, 'B4': 1}",10,False
20260428-DAMIMAS-088,"{'B1': 0, 'B2': 1, 'B3': 6, 'B4': 0}",7,False
20260428-DAMIMAS-088,"{'B1': 1, 'B2': 2, 'B3': 9, 'B4': 3}",15,False
20260428-DAMIMAS-089,"{'B1': 0, 'B2': 1, 'B3': 7, 'B4': 3}",11,False
20260428-DAMIMAS-089,"{'B1': 0, 'B2': 0, 'B3': 4, 'B4': 2}",6,False
20260428-DAMIMAS-089,"{'B1': 3, 'B2': 3, 'B3': 6, 'B4': 1}",13,False
20260428-DAMIMAS-090,"{'B1': 0, 'B2': 1, 'B3': 2, 'B4': 1}",4,False
20260428-DAMIMAS-090,"{'B1': 1, 'B2': 1, 'B3': 2, 'B4': 0}",4,False
20260428-DAMIMAS-090,"{'B1': 0, 'B2': 0, 'B3': 4, 'B4': 3}",7,False
20260428-DAMIMAS-091,"{'B1': 0, 'B2': 3, 'B3': 7, 'B4': 0}",10,False
20260428-DAMIMAS-091,"{'B1': 2, 'B2': 0, 'B3': 8, 'B4': 4}",14,False
20260428-DAMIMAS-091,"{'B1': 2, 'B2': 1, 'B3': 6, 'B4': 2}",11,False
20260428-DAMIMAS-092,"{'B1': 0, 'B2': 4, 'B3': 5, 'B4': 3}",12,False
20260428-DAMIMAS-092,"{'B1': 2, 'B2': 0, 'B3': 2, 'B4': 0}",4,False
20260428-DAMIMAS-092,"{'B1': 2, 'B2': 1, 'B3': 7, 'B4': 5}",15,False
20260428-DAMIMAS-093,"{'B1': 0, 'B2': 0, 'B3': 7, 'B4': 2}",9,False
20260428-DAMIMAS-093,"{'B1': 1, 'B2': 0, 'B3': 6, 'B4': 4}",11,False
20260428-DAMIMAS-093,"{'B1': 3, 'B2': 1, 'B3': 9, 'B4': 3}",16,False
20260428-DAMIMAS-094,"{'B1': 1, 'B2': 0, 'B3': 7, 'B4': 7}",15,False
20260428-DAMIMAS-094,"{'B1': 0, 'B2': 0, 'B3': 6, 'B4': 2}",8,False
20260428-DAMIMAS-094,"{'B1': 1, 'B2': 3, 'B3': 2, 'B4': 5}",11,False
20260428-DAMIMAS-095,"{'B1': 1, 'B2': 4, 'B3': 3, 'B4': 0}",8,False
20260428-DAMIMAS-095,"{'B1': 0, 'B2': 0, 'B3': 7, 'B4': 4}",11,False
20260428-DAMIMAS-095,"{'B1': 1, 'B2': 1, 'B3': 8, 'B4': 3}",13,False
20260428-DAMIMAS-096,"{'B1': 2, 'B2': 0, 'B3': 2, 'B4': 6}",10,False
20260428-DAMIMAS-096,"{'B1': 2, 'B2': 3, 'B3': 3, 'B4': 0}",8,False
20260428-DAMIMAS-096,"{'B1': 1, 'B2': 2, 'B3': 6, 'B4': 4}",13,False
20260428-DAMIMAS-097,"{'B1': 1, 'B2': 2, 'B3': 6, 'B4': 3}",12,False
20260428-DAMIMAS-097,"{'B1': 1, 'B2': 1, 'B3': 1, 'B4': 0}",3,False
20260428-DAMIMAS-097,"{'B1': 2, 'B2': 1, 'B3': 7, 'B4': 2}",12,False
20260428-DAMIMAS-098,"{'B1': 0, 'B2': 1, 'B3': 4, 'B4': 5}",10,False
20260428-DAMIMAS-098,"{'B1': 2, 'B2': 2, 'B3': 4, 'B4': 2}",10,False
20260428-DAMIMAS-099,"{'B1': 2, 'B2': 4, 'B3': 5, 'B4': 1}",12,False
20260428-DAMIMAS-099,"{'B1': 1, 'B2': 2, 'B3': 5, 'B4': 5}",13,False
20260428-DAMIMAS-100,"{'B1': 1, 'B2': 2, 'B3': 5, 'B4': 7}",15,False
20260428-DAMIMAS-100,"{'B1': 1, 'B2': 3, 'B3': 6, 'B4': 5}",15,False
20260428-DAMIMAS-101,"{'B1': 1, 'B2': 3, 'B3': 3, 'B4': 0}",7,False
20260428-DAMIMAS-101,"{'B1': 2, 'B2': 2, 'B3': 5, 'B4': 5}",14,False
20260428-DAMIMAS-102,"{'B1': 0, 'B2': 0, 'B3': 7, 'B4': 1}",8,False
20260428-DAMIMAS-102,"{'B1': 1, 'B2': 4, 'B3': 4, 'B4': 2}",11,False
20260428-DAMIMAS-103,"{'B1': 1, 'B2': 5, 'B3': 11, 'B4': 0}",17,False
20260428-DAMIMAS-103,"{'B1': 0, 'B2': 4, 'B3': 7, 'B4': 3}",14,False
20260428-DAMIMAS-104,"{'B1': 0, 'B2': 3, 'B3': 11, 'B4': 3}",17,False
20260428-DAMIMAS-105,"{'B1': 2, 'B2': 1, 'B3': 10, 'B4': 4}",17,False
20260428-DAMIMAS-106,"{'B1': 3, 'B2': 2, 'B3': 3, 'B4': 5}",13,False
20260428-DAMIMAS-107,"{'B1': 2, 'B2': 2, 'B3': 7, 'B4': 5}",16,False
20260428-DAMIMAS-108,"{'B1': 1, 'B2': 2, 'B3': 10, 'B4': 2}",15,False
20260428-DAMIMAS-109,"{'B1': 2, 'B2': 1, 'B3': 6, 'B4': 4}",13,False
20260428-DAMIMAS-110,"{'B1': 3, 'B2': 2, 'B3': 6, 'B4': 2}",13,False
20260428-DAMIMAS-111,"{'B1': 0, 'B2': 3, 'B3': 7, 'B4': 3}",13,False
20260428-DAMIMAS-112,"{'B1': 2, 'B2': 1, 'B3': 8, 'B4': 4}",15,False
20260428-DAMIMAS-113,"{'B1': 0, 'B2': 4, 'B3': 5, 'B4': 5}",14,False
20260428-DAMIMAS-114,"{'B1': 1, 'B2': 1, 'B3': 2, 'B4': 4}",8,False
20260428-DAMIMAS-115,"{'B1': 0, 'B2': 2, 'B3': 7, 'B4': 3}",12,False
20260428-DAMIMAS-116,"{'B1': 1, 'B2': 2, 'B3': 5, 'B4': 1}",9,False
20260428-DAMIMAS-117,"{'B1': 1, 'B2': 2, 'B3': 9, 'B4': 3}",15,False
20260428-DAMIMAS-118,"{'B1': 2, 'B2': 0, 'B3': 6, 'B4': 0}",8,False
20260428-DAMIMAS-119,"{'B1': 2, 'B2': 2, 'B3': 6, 'B4': 4}",14,False
20260428-DAMIMAS-120,"{'B1': 0, 'B2': 1, 'B3': 7, 'B4': 3}",11,False
20260428-DAMIMAS-121,"{'B1': 1, 'B2': 1, 'B3': 7, 'B4': 3}",12,False
20260428-DAMIMAS-122,"{'B1': 3, 'B2': 0, 'B3': 5, 'B4': 4}",12,False
20260428-DAMIMAS-123,"{'B1': 0, 'B2': 2, 'B3': 5, 'B4': 5}",12,False
20260428-DAMIMAS-124,"{'B1': 3, 'B2': 2, 'B3': 3, 'B4': 3}",11,False
20260428-DAMIMAS-125,"{'B1': 1, 'B2': 2, 'B3': 9, 'B4': 2}",14,False
20260428-DAMIMAS-126,"{'B1': 1, 'B2': 0, 'B3': 5, 'B4': 2}",8,False
20260428-DAMIMAS-127,"{'B1': 2, 'B2': 2, 'B3': 8, 'B4': 1}",13,False
20260428-DAMIMAS-128,"{'B1': 0, 'B2': 5, 'B3': 14, 'B4': 7}",26,False
20260428-DAMIMAS-245,"{'B1': 0, 'B2': 4, 'B3': 2, 'B4': 4}",10,False
20260428-DAMIMAS-246,"{'B1': 0, 'B2': 0, 'B3': 8, 'B4': 2}",10,False
20260428-DAMIMAS-247,"{'B1': 3, 'B2': 1, 'B3': 4, 'B4': 5}",13,False
20260428-DAMIMAS-248,"{'B1': 3, 'B2': 4, 'B3': 5, 'B4': 0}",12,False
20260428-DAMIMAS-249,"{'B1': 2, 'B2': 3, 'B3': 4, 'B4': 4}",13,False
20260428-DAMIMAS-250,"{'B1': 1, 'B2': 3, 'B3': 4, 'B4': 2}",10,False
20260428-DAMIMAS-251,"{'B1': 2, 'B2': 2, 'B3': 5, 'B4': 8}",17,False
20260428-DAMIMAS-252,"{'B1': 1, 'B2': 4, 'B3': 5, 'B4': 0}",10,False
20260428-DAMIMAS-253,"{'B1': 2, 'B2': 4, 'B3': 2, 'B4': 4}",12,False
20260428-DAMIMAS-254,"{'B1': 1, 'B2': 4, 'B3': 9, 'B4': 4}",18,False
20260428-DAMIMAS-255,"{'B1': 4, 'B2': 1, 'B3': 4, 'B4': 8}",17,False
20260428-DAMIMAS-256,"{'B1': 2, 'B2': 3, 'B3': 5, 'B4': 2}",12,False
20260428-DAMIMAS-257,"{'B1': 3, 'B2': 3, 'B3': 3, 'B4': 2}",11,False
20260428-DAMIMAS-258,"{'B1': 2, 'B2': 2, 'B3': 6, 'B4': 2}",12,False
20260428-DAMIMAS-259,"{'B1': 0, 'B2': 3, 'B3': 5, 'B4': 6}",14,False
20260428-DAMIMAS-260,"{'B1': 2, 'B2': 4, 'B3': 5, 'B4': 3}",14,False
20260428-DAMIMAS-261,"{'B1': 1, 'B2': 4, 'B3': 3, 'B4': 3}",11,False
20260428-DAMIMAS-262,"{'B1': 1, 'B2': 0, 'B3': 6, 'B4': 5}",12,False
20260428-DAMIMAS-263,"{'B1': 3, 'B2': 2, 'B3': 5, 'B4': 8}",18,False
20260428-DAMIMAS-264,"{'B1': 0, 'B2': 5, 'B3': 4, 'B4': 0}",9,False
20260428-DAMIMAS-265,"{'B1': 1, 'B2': 6, 'B3': 5, 'B4': 2}",14,False
20260428-DAMIMAS-266,"{'B1': 1, 'B2': 2, 'B3': 5, 'B4': 2}",10,False
20260428-DAMIMAS-267,"{'B1': 0, 'B2': 2, 'B3': 6, 'B4': 3}",11,False
20260428-DAMIMAS-268,"{'B1': 3, 'B2': 5, 'B3': 3, 'B4': 1}",12,False
20260428-DAMIMAS-269,"{'B1': 1, 'B2': 3, 'B3': 5, 'B4': 4}",13,False
20260428-DAMIMAS-270,"{'B1': 0, 'B2': 1, 'B3': 6, 'B4': 0}",7,False
20260428-DAMIMAS-271,"{'B1': 0, 'B2': 0, 'B3': 9, 'B4': 5}",14,False
20260428-DAMIMAS-272,"{'B1': 2, 'B2': 4, 'B3': 5, 'B4': 2}",13,False
20260428-DAMIMAS-273,"{'B1': 1, 'B2': 2, 'B3': 2, 'B4': 2}",7,False
20260428-DAMIMAS-274,"{'B1': 2, 'B2': 1, 'B3': 6, 'B4': 4}",13,False
20260428-DAMIMAS-275,"{'B1': 1, 'B2': 2, 'B3': 7, 'B4': 6}",16,False
20260428-DAMIMAS-277,"{'B1': 2, 'B2': 2, 'B3': 2, 'B4': 2}",8,False
20260428-DAMIMAS-278,"{'B1': 1, 'B2': 3, 'B3': 2, 'B4': 3}",9,False
20260428-DAMIMAS-279,"{'B1': 0, 'B2': 6, 'B3': 3, 'B4': 2}",11,False
20260428-DAMIMAS-280,"{'B1': 2, 'B2': 8, 'B3': 3, 'B4': 1}",14,False
20260428-DAMIMAS-281,"{'B1': 2, 'B2': 2, 'B3': 3, 'B4': 6}",13,False
20260428-DAMIMAS-282,"{'B1': 1, 'B2': 2, 'B3': 5, 'B4': 0}",8,False
20260428-DAMIMAS-283,"{'B1': 0, 'B2': 1, 'B3': 10, 'B4': 1}",12,False
20260428-DAMIMAS-284,"{'B1': 0, 'B2': 4, 'B3': 5, 'B4': 0}",9,False
20260428-DAMIMAS-285,"{'B1': 0, 'B2': 1, 'B3': 0, 'B4': 0}",1,False
20260428-DAMIMAS-286,"{'B1': 0, 'B2': 0, 'B3': 7, 'B4': 3}",10,False
20260428-DAMIMAS-287,"{'B1': 2, 'B2': 2, 'B3': 6, 'B4': 5}",15,False
20260428-DAMIMAS-288,"{'B1': 2, 'B2': 5, 'B3': 5, 'B4': 2}",14,False
20260428-DAMIMAS-289,"{'B1': 2, 'B2': 2, 'B3': 6, 'B4': 1}",11,False
20260428-DAMIMAS-290,"{'B1': 1, 'B2': 2, 'B3': 7, 'B4': 3}",13,False
20260428-DAMIMAS-291,"{'B1': 1, 'B2': 1, 'B3': 4, 'B4': 3}",9,False
20260428-DAMIMAS-292,"{'B1': 3, 'B2': 3, 'B3': 3, 'B4': 1}",10,False
20260428-DAMIMAS-293,"{'B1': 2, 'B2': 2, 'B3': 4, 'B4': 2}",10,False
20260428-DAMIMAS-294,"{'B1': 1, 'B2': 1, 'B3': 6, 'B4': 1}",9,False
20260428-DAMIMAS-295,"{'B1': 0, 'B2': 2, 'B3': 6, 'B4': 5}",13,False
20260428-DAMIMAS-296,"{'B1': 4, 'B2': 3, 'B3': 5, 'B4': 3}",15,False
20260428-DAMIMAS-297,"{'B1': 3, 'B2': 0, 'B3': 3, 'B4': 3}",9,False
20260428-DAMIMAS-298,"{'B1': 2, 'B2': 1, 'B3': 3, 'B4': 2}",8,False
20260428-DAMIMAS-299,"{'B1': 2, 'B2': 2, 'B3': 5, 'B4': 4}",13,False
20260428-DAMIMAS-300,"{'B1': 1, 'B2': 2, 'B3': 1, 'B4': 0}",4,False
20260428-DAMIMAS-301,"{'B1': 3, 'B2': 2, 'B3': 4, 'B4': 3}",12,False
20260428-DAMIMAS-302,"{'B1': 1, 'B2': 0, 'B3': 8, 'B4': 3}",12,False
20260430-DAMIMAS-098,"{'B1': 0, 'B2': 1, 'B3': 6, 'B4': 1}",8,False
20260430-DAMIMAS-099,"{'B1': 0, 'B2': 2, 'B3': 4, 'B4': 4}",10,False
20260430-DAMIMAS-100,"{'B1': 0, 'B2': 3, 'B3': 4, 'B4': 0}",7,False
20260430-DAMIMAS-101,"{'B1': 0, 'B2': 3, 'B3': 6, 'B4': 2}",11,False
20260430-DAMIMAS-102,"{'B1': 1, 'B2': 1, 'B3': 4, 'B4': 1}",7,False
20260430-DAMIMAS-103,"{'B1': 1, 'B2': 1, 'B3': 6, 'B4': 2}",10,False
20260430-DAMIMAS-104,"{'B1': 2, 'B2': 3, 'B3': 5, 'B4': 5}",15,False
20260430-DAMIMAS-104,"{'B1': 2, 'B2': 2, 'B3': 4, 'B4': 1}",9,False
20260430-DAMIMAS-105,"{'B1': 2, 'B2': 2, 'B3': 8, 'B4': 1}",13,False
20260430-DAMIMAS-105,"{'B1': 2, 'B2': 0, 'B3': 4, 'B4': 7}",13,False
20260430-DAMIMAS-106,"{'B1': 2, 'B2': 0, 'B3': 5, 'B4': 4}",11,False
20260430-DAMIMAS-106,"{'B1': 0, 'B2': 2, 'B3': 2, 'B4': 2}",6,False
20260430-DAMIMAS-107,"{'B1': 3, 'B2': 4, 'B3': 10, 'B4': 2}",19,False
20260430-DAMIMAS-107,"{'B1': 1, 'B2': 2, 'B3': 3, 'B4': 0}",6,False
20260430-DAMIMAS-108,"{'B1': 1, 'B2': 3, 'B3': 4, 'B4': 1}",9,False
20260430-DAMIMAS-108,"{'B1': 2, 'B2': 4, 'B3': 6, 'B4': 1}",13,False
20260430-DAMIMAS-109,"{'B1': 1, 'B2': 2, 'B3': 5, 'B4': 3}",11,False
20260430-DAMIMAS-109,"{'B1': 1, 'B2': 1, 'B3': 6, 'B4': 4}",12,False
20260430-DAMIMAS-110,"{'B1': 0, 'B2': 0, 'B3': 2, 'B4': 2}",4,False
20260430-DAMIMAS-110,"{'B1': 2, 'B2': 1, 'B3': 5, 'B4': 0}",8,False
20260430-DAMIMAS-111,"{'B1': 0, 'B2': 1, 'B3': 8, 'B4': 3}",12,False
20260430-DAMIMAS-111,"{'B1': 1, 'B2': 1, 'B3': 16, 'B4': 0}",18,False
20260430-DAMIMAS-112,"{'B1': 0, 'B2': 2, 'B3': 4, 'B4': 0}",6,False
20260430-DAMIMAS-112,"{'B1': 2, 'B2': 4, 'B3': 7, 'B4': 2}",15,False
20260430-DAMIMAS-113,"{'B1': 0, 'B2': 1, 'B3': 6, 'B4': 1}",8,False
20260430-DAMIMAS-113,"{'B1': 1, 'B2': 3, 'B3': 3, 'B4': 2}",9,False
20260430-DAMIMAS-114,"{'B1': 0, 'B2': 1, 'B3': 3, 'B4': 0}",4,False
20260430-DAMIMAS-114,"{'B1': 0, 'B2': 1, 'B3': 9, 'B4': 2}",12,False
20260430-DAMIMAS-115,"{'B1': 0, 'B2': 1, 'B3': 2, 'B4': 0}",3,False
20260430-DAMIMAS-115,"{'B1': 1, 'B2': 0, 'B3': 9, 'B4': 4}",14,False
20260430-DAMIMAS-116,"{'B1': 0, 'B2': 2, 'B3': 5, 'B4': 5}",12,False
20260430-DAMIMAS-116,"{'B1': 2, 'B2': 2, 'B3': 5, 'B4': 2}",11,False
20260430-DAMIMAS-117,"{'B1': 0, 'B2': 0, 'B3': 3, 'B4': 1}",4,False
20260430-DAMIMAS-117,"{'B1': 3, 'B2': 2, 'B3': 4, 'B4': 6}",15,False
20260430-DAMIMAS-118,"{'B1': 1, 'B2': 1, 'B3': 2, 'B4': 7}",11,False
20260430-DAMIMAS-118,"{'B1': 1, 'B2': 1, 'B3': 6, 'B4': 5}",13,False
20260430-DAMIMAS-119,"{'B1': 2, 'B2': 4, 'B3': 2, 'B4': 0}",8,False
20260430-DAMIMAS-119,"{'B1': 0, 'B2': 0, 'B3': 5, 'B4': 2}",7,False
20260430-DAMIMAS-120,"{'B1': 1, 'B2': 0, 'B3': 1, 'B4': 3}",5,False
20260430-DAMIMAS-120,"{'B1': 0, 'B2': 5, 'B3': 1, 'B4': 2}",8,False
20260430-DAMIMAS-121,"{'B1': 0, 'B2': 3, 'B3': 5, 'B4': 2}",10,False
20260430-DAMIMAS-121,"{'B1': 2, 'B2': 3, 'B3': 6, 'B4': 2}",13,False
20260430-DAMIMAS-122,"{'B1': 1, 'B2': 1, 'B3': 1, 'B4': 5}",8,False
20260430-DAMIMAS-122,"{'B1': 2, 'B2': 2, 'B3': 9, 'B4': 3}",16,False
20260430-DAMIMAS-123,"{'B1': 0, 'B2': 6, 'B3': 3, 'B4': 0}",9,False
20260430-DAMIMAS-123,"{'B1': 0, 'B2': 0, 'B3': 5, 'B4': 2}",7,False
20260430-DAMIMAS-124,"{'B1': 0, 'B2': 1, 'B3': 6, 'B4': 2}",9,False
20260430-DAMIMAS-124,"{'B1': 0, 'B2': 4, 'B3': 6, 'B4': 2}",12,False
20260430-DAMIMAS-125,"{'B1': 1, 'B2': 2, 'B3': 5, 'B4': 1}",9,False
20260430-DAMIMAS-125,"{'B1': 3, 'B2': 3, 'B3': 6, 'B4': 4}",16,False
20260430-DAMIMAS-126,"{'B1': 2, 'B2': 0, 'B3': 4, 'B4': 4}",10,False
20260430-DAMIMAS-126,"{'B1': 1, 'B2': 0, 'B3': 4, 'B4': 2}",7,False
20260430-DAMIMAS-127,"{'B1': 0, 'B2': 2, 'B3': 5, 'B4': 5}",12,False
20260430-DAMIMAS-127,"{'B1': 2, 'B2': 0, 'B3': 6, 'B4': 2}",10,False
20260430-DAMIMAS-128,"{'B1': 0, 'B2': 1, 'B3': 4, 'B4': 3}",8,False
20260430-DAMIMAS-128,"{'B1': 1, 'B2': 3, 'B3': 7, 'B4': 0}",11,False
20260430-DAMIMAS-129,"{'B1': 0, 'B2': 0, 'B3': 4, 'B4': 1}",5,False
20260430-DAMIMAS-129,"{'B1': 2, 'B2': 2, 'B3': 5, 'B4': 3}",12,False
20260430-DAMIMAS-130,"{'B1': 1, 'B2': 1, 'B3': 2, 'B4': 5}",9,False
20260430-DAMIMAS-130,"{'B1': 3, 'B2': 0, 'B3': 7, 'B4': 2}",12,False
20260430-DAMIMAS-131,"{'B1': 0, 'B2': 1, 'B3': 6, 'B4': 2}",9,False
20260430-DAMIMAS-131,"{'B1': 1, 'B2': 1, 'B3': 10, 'B4': 2}",14,False
20260430-DAMIMAS-132,"{'B1': 1, 'B2': 1, 'B3': 1, 'B4': 6}",9,False
20260430-DAMIMAS-132,"{'B1': 1, 'B2': 6, 'B3': 4, 'B4': 0}",11,False
20260430-DAMIMAS-133,"{'B1': 0, 'B2': 0, 'B3': 7, 'B4': 2}",9,False
20260430-DAMIMAS-133,"{'B1': 1, 'B2': 0, 'B3': 7, 'B4': 2}",10,False
20260430-DAMIMAS-134,"{'B1': 0, 'B2': 2, 'B3': 4, 'B4': 0}",6,False
20260430-DAMIMAS-134,"{'B1': 1, 'B2': 0, 'B3': 6, 'B4': 0}",7,False
20260430-DAMIMAS-135,"{'B1': 0, 'B2': 5, 'B3': 3, 'B4': 2}",10,False
20260430-DAMIMAS-135,"{'B1': 3, 'B2': 1, 'B3': 8, 'B4': 3}",15,False
20260430-DAMIMAS-136,"{'B1': 0, 'B2': 0, 'B3': 7, 'B4': 3}",10,False
20260430-DAMIMAS-136,"{'B1': 1, 'B2': 1, 'B3': 1, 'B4': 0}",3,False
20260430-DAMIMAS-137,"{'B1': 0, 'B2': 2, 'B3': 8, 'B4': 0}",10,False
20260430-DAMIMAS-137,"{'B1': 2, 'B2': 1, 'B3': 4, 'B4': 5}",12,False
20260430-DAMIMAS-138,"{'B1': 0, 'B2': 1, 'B3': 3, 'B4': 2}",6,False
20260430-DAMIMAS-138,"{'B1': 3, 'B2': 0, 'B3': 7, 'B4': 4}",14,False
20260430-DAMIMAS-139,"{'B1': 0, 'B2': 2, 'B3': 5, 'B4': 1}",8,False
20260430-DAMIMAS-139,"{'B1': 3, 'B2': 0, 'B3': 5, 'B4': 8}",16,False
20260430-DAMIMAS-140,"{'B1': 1, 'B2': 3, 'B3': 4, 'B4': 5}",13,False
20260430-DAMIMAS-140,"{'B1': 2, 'B2': 6, 'B3': 4, 'B4': 2}",14,False
20260430-DAMIMAS-141,"{'B1': 0, 'B2': 0, 'B3': 7, 'B4': 2}",9,False
20260430-DAMIMAS-141,"{'B1': 2, 'B2': 3, 'B3': 6, 'B4': 3}",14,False
20260430-DAMIMAS-142,"{'B1': 0, 'B2': 1, 'B3': 3, 'B4': 1}",5,False
20260430-DAMIMAS-142,"{'B1': 1, 'B2': 2, 'B3': 9, 'B4': 4}",16,False
20260430-DAMIMAS-143,"{'B1': 0, 'B2': 0, 'B3': 7, 'B4': 1}",8,False
20260430-DAMIMAS-143,"{'B1': 0, 'B2': 2, 'B3': 2, 'B4': 0}",4,False
20260430-DAMIMAS-144,"{'B1': 0, 'B2': 1, 'B3': 6, 'B4': 2}",9,False
20260430-DAMIMAS-144,"{'B1': 3, 'B2': 5, 'B3': 1, 'B4': 0}",9,False
20260430-DAMIMAS-145,"{'B1': 1, 'B2': 0, 'B3': 5, 'B4': 4}",10,False
20260430-DAMIMAS-145,"{'B1': 1, 'B2': 0, 'B3': 4, 'B4': 2}",7,False
20260430-DAMIMAS-146,"{'B1': 0, 'B2': 3, 'B3': 6, 'B4': 2}",11,False
20260430-DAMIMAS-146,"{'B1': 0, 'B2': 3, 'B3': 11, 'B4': 3}",17,False
20260430-DAMIMAS-147,"{'B1': 0, 'B2': 2, 'B3': 8, 'B4': 2}",12,False
20260430-DAMIMAS-147,"{'B1': 1, 'B2': 3, 'B3': 7, 'B4': 7}",18,False
20260430-DAMIMAS-148,"{'B1': 0, 'B2': 3, 'B3': 3, 'B4': 3}",9,False
20260430-DAMIMAS-148,"{'B1': 2, 'B2': 7, 'B3': 1, 'B4': 0}",10,False
20260430-DAMIMAS-149,"{'B1': 0, 'B2': 1, 'B3': 9, 'B4': 1}",11,False
20260430-DAMIMAS-149,"{'B1': 2, 'B2': 5, 'B3': 3, 'B4': 3}",13,False
20260430-DAMIMAS-150,"{'B1': 0, 'B2': 2, 'B3': 8, 'B4': 4}",14,False
20260430-DAMIMAS-150,"{'B1': 2, 'B2': 1, 'B3': 11, 'B4': 1}",15,False
20260430-DAMIMAS-151,"{'B1': 0, 'B2': 1, 'B3': 5, 'B4': 4}",10,False
20260430-DAMIMAS-151,"{'B1': 2, 'B2': 0, 'B3': 7, 'B4': 4}",13,False
20260430-DAMIMAS-152,"{'B1': 0, 'B2': 2, 'B3': 5, 'B4': 3}",10,False
20260430-DAMIMAS-152,"{'B1': 3, 'B2': 7, 'B3': 4, 'B4': 0}",14,False
20260430-DAMIMAS-153,"{'B1': 0, 'B2': 0, 'B3': 7, 'B4': 1}",8,False
20260430-DAMIMAS-153,"{'B1': 3, 'B2': 3, 'B3': 6, 'B4': 4}",16,False
20260430-DAMIMAS-154,"{'B1': 0, 'B2': 2, 'B3': 4, 'B4': 7}",13,False
20260430-DAMIMAS-154,"{'B1': 1, 'B2': 2, 'B3': 6, 'B4': 2}",11,False
20260430-DAMIMAS-155,"{'B1': 1, 'B2': 3, 'B3': 5, 'B4': 3}",12,False
20260430-DAMIMAS-155,"{'B1': 2, 'B2': 1, 'B3': 10, 'B4': 3}",16,False
20260430-DAMIMAS-156,"{'B1': 1, 'B2': 1, 'B3': 4, 'B4': 3}",9,False
20260430-DAMIMAS-156,"{'B1': 3, 'B2': 3, 'B3': 3, 'B4': 1}",10,False
20260430-DAMIMAS-157,"{'B1': 0, 'B2': 3, 'B3': 7, 'B4': 4}",14,False
20260430-DAMIMAS-157,"{'B1': 0, 'B2': 4, 'B3': 2, 'B4': 4}",10,False
20260430-DAMIMAS-158,"{'B1': 0, 'B2': 2, 'B3': 5, 'B4': 3}",10,False
20260430-DAMIMAS-158,"{'B1': 0, 'B2': 0, 'B3': 8, 'B4': 2}",10,False
20260430-DAMIMAS-159,"{'B1': 1, 'B2': 0, 'B3': 1, 'B4': 3}",5,False
20260430-DAMIMAS-159,"{'B1': 0, 'B2': 1, 'B3': 8, 'B4': 2}",11,False
20260430-DAMIMAS-160,"{'B1': 0, 'B2': 3, 'B3': 3, 'B4': 0}",6,False
20260430-DAMIMAS-160,"{'B1': 2, 'B2': 5, 'B3': 4, 'B4': 3}",14,False
20260430-DAMIMAS-161,"{'B1': 0, 'B2': 0, 'B3': 10, 'B4': 4}",14,False
20260430-DAMIMAS-161,"{'B1': 3, 'B2': 3, 'B3': 3, 'B4': 0}",9,False
20260430-DAMIMAS-162,"{'B1': 0, 'B2': 0, 'B3': 4, 'B4': 4}",8,False
20260430-DAMIMAS-162,"{'B1': 1, 'B2': 1, 'B3': 6, 'B4': 1}",9,False
20260430-DAMIMAS-163,"{'B1': 1, 'B2': 1, 'B3': 8, 'B4': 5}",15,False
20260430-DAMIMAS-163,"{'B1': 1, 'B2': 0, 'B3': 6, 'B4': 3}",10,False
20260430-DAMIMAS-163,"{'B1': 2, 'B2': 2, 'B3': 7, 'B4': 3}",14,False
20260430-DAMIMAS-164,"{'B1': 2, 'B2': 4, 'B3': 7, 'B4': 1}",14,False
20260430-DAMIMAS-164,"{'B1': 3, 'B2': 0, 'B3': 5, 'B4': 4}",12,False
20260430-DAMIMAS-165,"{'B1': 2, 'B2': 6, 'B3': 3, 'B4': 0}",11,False
20260430-DAMIMAS-165,"{'B1': 0, 'B2': 2, 'B3': 10, 'B4': 2}",14,False
20260430-DAMIMAS-166,"{'B1': 3, 'B2': 0, 'B3': 6, 'B4': 0}",9,False
20260430-DAMIMAS-166,"{'B1': 1, 'B2': 2, 'B3': 7, 'B4': 4}",14,False
20260430-DAMIMAS-167,"{'B1': 2, 'B2': 1, 'B3': 13, 'B4': 2}",18,False
20260430-DAMIMAS-167,"{'B1': 3, 'B2': 2, 'B3': 6, 'B4': 4}",15,False
20260430-DAMIMAS-168,"{'B1': 2, 'B2': 4, 'B3': 5, 'B4': 0}",11,False
20260430-DAMIMAS-168,"{'B1': 3, 'B2': 2, 'B3': 5, 'B4': 2}",12,False
20260430-DAMIMAS-169,"{'B1': 1, 'B2': 4, 'B3': 2, 'B4': 0}",7,False
20260430-DAMIMAS-169,"{'B1': 2, 'B2': 2, 'B3': 6, 'B4': 2}",12,False
20260430-DAMIMAS-170,"{'B1': 2, 'B2': 1, 'B3': 7, 'B4': 4}",14,False
20260430-DAMIMAS-170,"{'B1': 1, 'B2': 2, 'B3': 7, 'B4': 2}",12,False
20260430-DAMIMAS-171,"{'B1': 0, 'B2': 0, 'B3': 6, 'B4': 0}",6,False
20260430-DAMIMAS-171,"{'B1': 1, 'B2': 2, 'B3': 5, 'B4': 2}",10,False
20260430-DAMIMAS-172,"{'B1': 1, 'B2': 6, 'B3': 7, 'B4': 0}",14,False
20260430-DAMIMAS-172,"{'B1': 0, 'B2': 3, 'B3': 5, 'B4': 6}",14,False
20260430-DAMIMAS-173,"{'B1': 2, 'B2': 3, 'B3': 2, 'B4': 3}",10,False
20260430-DAMIMAS-173,"{'B1': 2, 'B2': 2, 'B3': 7, 'B4': 2}",13,False
20260430-DAMIMAS-174,"{'B1': 2, 'B2': 2, 'B3': 5, 'B4': 3}",12,False
20260430-DAMIMAS-174,"{'B1': 1, 'B2': 2, 'B3': 9, 'B4': 2}",14,False
20260430-DAMIMAS-175,"{'B1': 0, 'B2': 1, 'B3': 8, 'B4': 6}",15,False
20260430-DAMIMAS-175,"{'B1': 2, 'B2': 2, 'B3': 6, 'B4': 3}",13,False
20260430-DAMIMAS-176,"{'B1': 0, 'B2': 5, 'B3': 5, 'B4': 2}",12,False
20260430-DAMIMAS-176,"{'B1': 3, 'B2': 2, 'B3': 4, 'B4': 4}",13,False
20260430-DAMIMAS-177,"{'B1': 0, 'B2': 4, 'B3': 0, 'B4': 0}",4,False
20260430-DAMIMAS-177,"{'B1': 2, 'B2': 1, 'B3': 8, 'B4': 0}",11,False
20260430-DAMIMAS-178,"{'B1': 3, 'B2': 0, 'B3': 9, 'B4': 1}",13,False
20260430-DAMIMAS-179,"{'B1': 2, 'B2': 0, 'B3': 4, 'B4': 5}",11,False
20260430-DAMIMAS-179,"{'B1': 2, 'B2': 2, 'B3': 9, 'B4': 2}",15,False
20260430-DAMIMAS-180,"{'B1': 2, 'B2': 6, 'B3': 5, 'B4': 2}",15,False
20260430-DAMIMAS-180,"{'B1': 1, 'B2': 2, 'B3': 7, 'B4': 2}",12,False
20260430-DAMIMAS-181,"{'B1': 3, 'B2': 1, 'B3': 4, 'B4': 0}",8,False
20260430-DAMIMAS-181,"{'B1': 2, 'B2': 4, 'B3': 7, 'B4': 4}",17,False
20260430-DAMIMAS-182,"{'B1': 0, 'B2': 3, 'B3': 6, 'B4': 2}",11,False
20260430-DAMIMAS-182,"{'B1': 1, 'B2': 3, 'B3': 2, 'B4': 1}",7,False
20260430-DAMIMAS-183,"{'B1': 0, 'B2': 0, 'B3': 7, 'B4': 2}",9,False
20260430-DAMIMAS-183,"{'B1': 0, 'B2': 2, 'B3': 4, 'B4': 1}",7,False
20260430-DAMIMAS-184,"{'B1': 1, 'B2': 7, 'B3': 6, 'B4': 1}",15,False
20260430-DAMIMAS-184,"{'B1': 2, 'B2': 2, 'B3': 8, 'B4': 2}",14,False
20260430-DAMIMAS-185,"{'B1': 3, 'B2': 3, 'B3': 3, 'B4': 5}",14,False
20260430-DAMIMAS-185,"{'B1': 3, 'B2': 1, 'B3': 10, 'B4': 3}",17,False
20260430-DAMIMAS-186,"{'B1': 3, 'B2': 2, 'B3': 9, 'B4': 5}",19,False
20260430-DAMIMAS-186,"{'B1': 2, 'B2': 2, 'B3': 6, 'B4': 4}",14,False
20260430-DAMIMAS-187,"{'B1': 0, 'B2': 1, 'B3': 8, 'B4': 4}",13,False
20260430-DAMIMAS-187,"{'B1': 3, 'B2': 1, 'B3': 9, 'B4': 1}",14,False
20260430-DAMIMAS-188,"{'B1': 0, 'B2': 4, 'B3': 6, 'B4': 0}",10,False
20260430-DAMIMAS-188,"{'B1': 2, 'B2': 2, 'B3': 3, 'B4': 1}",8,False
20260430-DAMIMAS-189,"{'B1': 0, 'B2': 2, 'B3': 4, 'B4': 2}",8,False
20260430-DAMIMAS-189,"{'B1': 0, 'B2': 0, 'B3': 6, 'B4': 0}",6,False
20260430-DAMIMAS-190,"{'B1': 3, 'B2': 0, 'B3': 7, 'B4': 0}",10,False
20260430-DAMIMAS-190,"{'B1': 0, 'B2': 0, 'B3': 6, 'B4': 4}",10,False
20260430-DAMIMAS-191,"{'B1': 0, 'B2': 3, 'B3': 7, 'B4': 3}",13,False
20260430-DAMIMAS-191,"{'B1': 0, 'B2': 0, 'B3': 6, 'B4': 4}",10,False
20260430-DAMIMAS-192,"{'B1': 2, 'B2': 4, 'B3': 3, 'B4': 0}",9,False
20260430-DAMIMAS-192,"{'B1': 1, 'B2': 1, 'B3': 5, 'B4': 2}",9,False
20260430-DAMIMAS-193,"{'B1': 2, 'B2': 3, 'B3': 4, 'B4': 3}",12,False
20260430-DAMIMAS-193,"{'B1': 0, 'B2': 0, 'B3': 8, 'B4': 1}",9,False
20260430-DAMIMAS-194,"{'B1': 2, 'B2': 2, 'B3': 6, 'B4': 4}",14,False
20260430-DAMIMAS-194,"{'B1': 0, 'B2': 1, 'B3': 8, 'B4': 2}",11,False
20260430-DAMIMAS-195,"{'B1': 0, 'B2': 0, 'B3': 7, 'B4': 6}",13,False
20260430-DAMIMAS-195,"{'B1': 0, 'B2': 0, 'B3': 5, 'B4': 2}",7,False
20260430-DAMIMAS-196,"{'B1': 0, 'B2': 5, 'B3': 0, 'B4': 0}",5,False
20260430-DAMIMAS-196,"{'B1': 0, 'B2': 0, 'B3': 9, 'B4': 1}",10,False
20260430-DAMIMAS-197,"{'B1': 0, 'B2': 3, 'B3': 5, 'B4': 4}",12,False
20260430-DAMIMAS-197,"{'B1': 0, 'B2': 0, 'B3': 7, 'B4': 4}",11,False
20260430-DAMIMAS-198,"{'B1': 1, 'B2': 4, 'B3': 7, 'B4': 2}",14,False
20260430-DAMIMAS-198,"{'B1': 1, 'B2': 1, 'B3': 7, 'B4': 4}",13,False
20260430-DAMIMAS-199,"{'B1': 0, 'B2': 1, 'B3': 5, 'B4': 6}",12,False
20260430-DAMIMAS-199,"{'B1': 1, 'B2': 2, 'B3': 6, 'B4': 3}",12,False
20260430-DAMIMAS-200,"{'B1': 1, 'B2': 5, 'B3': 5, 'B4': 1}",12,False
20260430-DAMIMAS-200,"{'B1': 1, 'B2': 1, 'B3': 2, 'B4': 0}",4,False
20260430-DAMIMAS-201,"{'B1': 2, 'B2': 1, 'B3': 3, 'B4': 3}",9,False
20260430-DAMIMAS-201,"{'B1': 0, 'B2': 0, 'B3': 4, 'B4': 5}",9,False
20260430-DAMIMAS-202,"{'B1': 2, 'B2': 2, 'B3': 4, 'B4': 3}",11,False
20260430-DAMIMAS-202,"{'B1': 0, 'B2': 2, 'B3': 5, 'B4': 0}",7,False
20260430-DAMIMAS-203,"{'B1': 2, 'B2': 0, 'B3': 6, 'B4': 2}",10,False
20260430-DAMIMAS-203,"{'B1': 2, 'B2': 0, 'B3': 9, 'B4': 4}",15,False
20260430-DAMIMAS-204,"{'B1': 0, 'B2': 5, 'B3': 5, 'B4': 2}",12,False
20260430-DAMIMAS-204,"{'B1': 1, 'B2': 2, 'B3': 6, 'B4': 3}",12,False
20260430-DAMIMAS-205,"{'B1': 1, 'B2': 3, 'B3': 4, 'B4': 3}",11,False
20260430-DAMIMAS-205,"{'B1': 0, 'B2': 3, 'B3': 8, 'B4': 4}",15,False
20260430-DAMIMAS-206,"{'B1': 0, 'B2': 3, 'B3': 10, 'B4': 1}",14,False
20260430-DAMIMAS-206,"{'B1': 2, 'B2': 0, 'B3': 8, 'B4': 3}",13,False
20260430-DAMIMAS-207,"{'B1': 1, 'B2': 1, 'B3': 5, 'B4': 7}",14,False
20260430-DAMIMAS-207,"{'B1': 2, 'B2': 2, 'B3': 7, 'B4': 3}",14,False
20260430-DAMIMAS-208,"{'B1': 1, 'B2': 3, 'B3': 4, 'B4': 1}",9,False
20260430-DAMIMAS-208,"{'B1': 0, 'B2': 0, 'B3': 5, 'B4': 1}",6,False
20260430-DAMIMAS-209,"{'B1': 4, 'B2': 1, 'B3': 2, 'B4': 5}",12,False
20260430-DAMIMAS-209,"{'B1': 2, 'B2': 2, 'B3': 6, 'B4': 1}",11,False
20260430-DAMIMAS-210,"{'B1': 3, 'B2': 0, 'B3': 6, 'B4': 2}",11,False
20260430-DAMIMAS-210,"{'B1': 1, 'B2': 1, 'B3': 4, 'B4': 0}",6,False
20260430-DAMIMAS-211,"{'B1': 0, 'B2': 2, 'B3': 5, 'B4': 7}",14,False
20260430-DAMIMAS-211,"{'B1': 1, 'B2': 1, 'B3': 6, 'B4': 0}",8,False
20260430-DAMIMAS-212,"{'B1': 0, 'B2': 5, 'B3': 3, 'B4': 1}",9,False
20260430-DAMIMAS-212,"{'B1': 1, 'B2': 1, 'B3': 0, 'B4': 0}",2,False
20260430-DAMIMAS-213,"{'B1': 3, 'B2': 2, 'B3': 2, 'B4': 4}",11,False
20260430-DAMIMAS-213,"{'B1': 1, 'B2': 1, 'B3': 5, 'B4': 2}",9,False
20260430-DAMIMAS-214,"{'B1': 2, 'B2': 3, 'B3': 7, 'B4': 4}",16,False
20260430-DAMIMAS-214,"{'B1': 0, 'B2': 0, 'B3': 8, 'B4': 4}",12,False
20260430-DAMIMAS-215,"{'B1': 0, 'B2': 3, 'B3': 5, 'B4': 4}",12,False
20260430-DAMIMAS-215,"{'B1': 0, 'B2': 1, 'B3': 10, 'B4': 0}",11,False
20260430-DAMIMAS-216,"{'B1': 3, 'B2': 4, 'B3': 1, 'B4': 0}",8,False
20260430-DAMIMAS-216,"{'B1': 1, 'B2': 3, 'B3': 0, 'B4': 2}",6,False
20260430-DAMIMAS-217,"{'B1': 3, 'B2': 3, 'B3': 5, 'B4': 4}",15,False
20260430-DAMIMAS-217,"{'B1': 0, 'B2': 0, 'B3': 6, 'B4': 5}",11,False
20260430-DAMIMAS-218,"{'B1': 0, 'B2': 3, 'B3': 8, 'B4': 0}",11,False
20260430-DAMIMAS-218,"{'B1': 0, 'B2': 0, 'B3': 5, 'B4': 3}",8,False
20260430-DAMIMAS-219,"{'B1': 3, 'B2': 0, 'B3': 5, 'B4': 3}",11,False
20260430-DAMIMAS-219,"{'B1': 1, 'B2': 2, 'B3': 7, 'B4': 3}",13,False
20260430-DAMIMAS-220,"{'B1': 1, 'B2': 4, 'B3': 4, 'B4': 1}",10,False
20260430-DAMIMAS-220,"{'B1': 0, 'B2': 1, 'B3': 4, 'B4': 0}",5,False
20260430-DAMIMAS-221,"{'B1': 3, 'B2': 1, 'B3': 2, 'B4': 2}",8,False
20260430-DAMIMAS-221,"{'B1': 0, 'B2': 0, 'B3': 1, 'B4': 0}",1,False
20260430-DAMIMAS-222,"{'B1': 2, 'B2': 1, 'B3': 3, 'B4': 1}",7,False
20260430-DAMIMAS-222,"{'B1': 0, 'B2': 1, 'B3': 4, 'B4': 2}",7,False
20260430-DAMIMAS-223,"{'B1': 0, 'B2': 0, 'B3': 6, 'B4': 1}",7,False
20260430-DAMIMAS-223,"{'B1': 2, 'B2': 1, 'B3': 4, 'B4': 2}",9,False
20260430-DAMIMAS-224,"{'B1': 2, 'B2': 4, 'B3': 4, 'B4': 1}",11,False
20260430-DAMIMAS-224,"{'B1': 1, 'B2': 1, 'B3': 3, 'B4': 2}",7,False
20260430-DAMIMAS-225,"{'B1': 3, 'B2': 0, 'B3': 4, 'B4': 5}",12,False
20260430-DAMIMAS-225,"{'B1': 1, 'B2': 2, 'B3': 4, 'B4': 1}",8,False
20260430-DAMIMAS-226,"{'B1': 0, 'B2': 3, 'B3': 5, 'B4': 3}",11,False
20260430-DAMIMAS-226,"{'B1': 2, 'B2': 1, 'B3': 5, 'B4': 0}",8,False
20260430-DAMIMAS-227,"{'B1': 3, 'B2': 4, 'B3': 3, 'B4': 2}",12,False
20260430-DAMIMAS-227,"{'B1': 0, 'B2': 1, 'B3': 10, 'B4': 4}",15,False
20260430-DAMIMAS-228,"{'B1': 2, 'B2': 7, 'B3': 4, 'B4': 2}",15,False
20260430-DAMIMAS-228,"{'B1': 0, 'B2': 2, 'B3': 7, 'B4': 2}",11,False
20260430-DAMIMAS-229,"{'B1': 0, 'B2': 6, 'B3': 3, 'B4': 5}",14,False
20260430-DAMIMAS-229,"{'B1': 0, 'B2': 3, 'B3': 4, 'B4': 1}",8,False
20260430-DAMIMAS-230,"{'B1': 1, 'B2': 2, 'B3': 3, 'B4': 0}",6,False
20260430-DAMIMAS-230,"{'B1': 2, 'B2': 0, 'B3': 2, 'B4': 0}",4,False
20260430-DAMIMAS-231,"{'B1': 2, 'B2': 2, 'B3': 6, 'B4': 4}",14,False
20260430-DAMIMAS-231,"{'B1': 1, 'B2': 1, 'B3': 5, 'B4': 1}",8,False
20260430-DAMIMAS-232,"{'B1': 0, 'B2': 6, 'B3': 4, 'B4': 2}",12,False
20260430-DAMIMAS-232,"{'B1': 1, 'B2': 1, 'B3': 6, 'B4': 0}",8,False
20260430-DAMIMAS-233,"{'B1': 0, 'B2': 4, 'B3': 3, 'B4': 2}",9,False
20260430-DAMIMAS-234,"{'B1': 0, 'B2': 0, 'B3': 5, 'B4': 0}",5,False
20260430-DAMIMAS-235,"{'B1': 3, 'B2': 1, 'B3': 4, 'B4': 6}",14,False
20260430-DAMIMAS-236,"{'B1': 1, 'B2': 4, 'B3': 4, 'B4': 2}",11,False
20260430-DAMIMAS-237,"{'B1': 2, 'B2': 3, 'B3': 4, 'B4': 3}",12,False
20260430-DAMIMAS-238,"{'B1': 1, 'B2': 2, 'B3': 3, 'B4': 1}",7,False
20260430-DAMIMAS-239,"{'B1': 1, 'B2': 3, 'B3': 4, 'B4': 5}",13,False
20260430-DAMIMAS-240,"{'B1': 2, 'B2': 4, 'B3': 2, 'B4': 2}",10,False
20260430-DAMIMAS-241,"{'B1': 1, 'B2': 4, 'B3': 3, 'B4': 3}",11,False
20260430-DAMIMAS-242,"{'B1': 1, 'B2': 2, 'B3': 5, 'B4': 2}",10,False
20260430-DAMIMAS-243,"{'B1': 0, 'B2': 2, 'B3': 2, 'B4': 3}",7,False
20260430-DAMIMAS-244,"{'B1': 0, 'B2': 5, 'B3': 5, 'B4': 1}",11,False
20260430-DAMIMAS-276,"{'B1': 0, 'B2': 0, 'B3': 0, 'B4': 0}",0,False
20260430-DAMIMAS-775,"{'B1': 0, 'B2': 1, 'B3': 8, 'B4': 1}",10,False
20260430-DAMIMAS-776,"{'B1': 1, 'B2': 1, 'B3': 6, 'B4': 2}",10,False
20260430-DAMIMAS-777,"{'B1': 3, 'B2': 0, 'B3': 4, 'B4': 2}",9,False
20260430-DAMIMAS-778,"{'B1': 0, 'B2': 0, 'B3': 3, 'B4': 3}",6,False
20260430-DAMIMAS-779,"{'B1': 1, 'B2': 1, 'B3': 3, 'B4': 0}",5,False
20260430-DAMIMAS-854,"{'B1': 12, 'B2': 4, 'B3': 17, 'B4': 9}",42,False
